{"cameraMode":{"drawMode":0,"name":"Shaded","section":"Shading Mode"},"sceneLighting":false,"audioPlay":false,"sceneViewState":{"m_AlwaysRefresh":false,"showFog":true,"showSkybox":false,"showFlares":true,"showImageEffects":true,"showParticleSystems":true,"showVisualEffectGraphs":true,"m_FxEnabled":true},"in2DMode":false,"pivot":{"x":-1.69679856300354,"y":1.8776309490203858,"z":0.0006129592657089233},"rotation":{"x":0.3703627288341522,"y":-0.02089741639792919,"z":0.008334527723491192,"w":0.928615927696228},"size":0.6116160154342651,"orthographic":false}